[
  {
    "country": "FR",
    "region_id": "11",
    "region_code": "FR-11",
    "city": "Paris",
    "lat": 48.85341,
    "lon": 2.3488,
    "population": 2138551
  },
  {
    "country": "FR",
    "region_id": "11",
    "region_code": "FR-11",
    "city": "Marne La Vallée",
    "lat": 48.83584,
    "lon": 2.64241,
    "population": 318325
  },
  {
    "country": "FR",
    "region_id": "44",
    "region_code": "FR-44",
    "city": "Strasbourg",
    "lat": 48.58392,
    "lon": 7.74553,
    "population": 274845
  },
  {
    "country": "FR",
    "region_id": "44",
    "region_code": "FR-44",
    "city": "Reims",
    "lat": 49.26526,
    "lon": 4.02853,
    "population": 196565
  },
  {
    "country": "FR",
    "region_id": "32",
    "region_code": "FR-32",
    "city": "Lille",
    "lat": 50.63297,
    "lon": 3.05858,
    "population": 234475
  },
  {
    "country": "FR",
    "region_id": "32",
    "region_code": "FR-32",
    "city": "Amiens",
    "lat": 49.9,
    "lon": 2.3,
    "population": 143086
  },
  {
    "country": "FR",
    "region_id": "84",
    "region_code": "FR-84",
    "city": "Lyon",
    "lat": 45.74846,
    "lon": 4.84671,
    "population": 522969
  },
  {
    "country": "FR",
    "region_id": "84",
    "region_code": "FR-84",
    "city": "Saint-Étienne",
    "lat": 45.43389,
    "lon": 4.39,
    "population": 176280
  },
  {
    "country": "FR",
    "region_id": "93",
    "region_code": "FR-93",
    "city": "Marseille",
    "lat": 43.29695,
    "lon": 5.38107,
    "population": 870731
  },
  {
    "country": "FR",
    "region_id": "93",
    "region_code": "FR-93",
    "city": "Nice",
    "lat": 43.70313,
    "lon": 7.26608,
    "population": 342669
  },
  {
    "country": "FR",
    "region_id": "53",
    "region_code": "FR-53",
    "city": "Rennes",
    "lat": 48.11198,
    "lon": -1.67429,
    "population": 220488
  },
  {
    "country": "FR",
    "region_id": "53",
    "region_code": "FR-53",
    "city": "Brest",
    "lat": 48.39029,
    "lon": -4.48628,
    "population": 144899
  },
  {
    "country": "FR",
    "region_id": "75",
    "region_code": "FR-75",
    "city": "Bordeaux",
    "lat": 44.84044,
    "lon": -0.5805,
    "population": 260958
  },
  {
    "country": "FR",
    "region_id": "75",
    "region_code": "FR-75",
    "city": "Limoges",
    "lat": 45.83362,
    "lon": 1.24759,
    "population": 141176
  },
  {
    "country": "FR",
    "region_id": "24",
    "region_code": "FR-24",
    "city": "Tours",
    "lat": 47.39484,
    "lon": 0.70398,
    "population": 141621
  },
  {
    "country": "FR",
    "region_id": "24",
    "region_code": "FR-24",
    "city": "Orléans",
    "lat": 47.90289,
    "lon": 1.90389,
    "population": 116269
  },
  {
    "country": "FR",
    "region_id": "27",
    "region_code": "FR-27",
    "city": "Dijon",
    "lat": 47.31667,
    "lon": 5.01667,
    "population": 158002
  },
  {
    "country": "FR",
    "region_id": "27",
    "region_code": "FR-27",
    "city": "Besançon",
    "lat": 47.24878,
    "lon": 6.01815,
    "population": 128426
  },
  {
    "country": "FR",
    "region_id": "52",
    "region_code": "FR-52",
    "city": "Nantes",
    "lat": 47.21725,
    "lon": -1.55336,
    "population": 318808
  },
  {
    "country": "FR",
    "region_id": "52",
    "region_code": "FR-52",
    "city": "Angers",
    "lat": 47.47156,
    "lon": -0.55202,
    "population": 168279
  },
  {
    "country": "FR",
    "region_id": "28",
    "region_code": "FR-28",
    "city": "Rouen",
    "lat": 49.44313,
    "lon": 1.09932,
    "population": 234475
  },
  {
    "country": "FR",
    "region_id": "28",
    "region_code": "FR-28",
    "city": "Le Havre",
    "lat": 49.49346,
    "lon": 0.10785,
    "population": 185972
  },
  {
    "country": "FR",
    "region_id": "76",
    "region_code": "FR-76",
    "city": "Toulouse",
    "lat": 43.60426,
    "lon": 1.44367,
    "population": 493465
  },
  {
    "country": "FR",
    "region_id": "76",
    "region_code": "FR-76",
    "city": "Montpellier",
    "lat": 43.61093,
    "lon": 3.87635,
    "population": 248252
  },
  {
    "country": "FR",
    "region_id": "94",
    "region_code": "FR-94",
    "city": "Ajaccio",
    "lat": 41.91886,
    "lon": 8.73812,
    "population": 54364
  },
  {
    "country": "FR",
    "region_id": "94",
    "region_code": "FR-94",
    "city": "Bastia",
    "lat": 42.70219,
    "lon": 9.45123,
    "population": 41001
  },
  {
    "country": "ES",
    "region_id": "51",
    "region_code": "ES-51",
    "city": "Sevilla",
    "lat": 37.38283,
    "lon": -5.97317,
    "population": 687488
  },
  {
    "country": "ES",
    "region_id": "51",
    "region_code": "ES-51",
    "city": "Málaga",
    "lat": 36.72016,
    "lon": -4.42034,
    "population": 591637
  },
  {
    "country": "ES",
    "region_id": "57",
    "region_code": "ES-57",
    "city": "Badajoz",
    "lat": 38.87789,
    "lon": -6.97061,
    "population": 150530
  },
  {
    "country": "ES",
    "region_id": "57",
    "region_code": "ES-57",
    "city": "Cáceres",
    "lat": 39.47649,
    "lon": -6.37224,
    "population": 96068
  },
  {
    "country": "ES",
    "region_id": "31",
    "region_code": "ES-31",
    "city": "Murcia",
    "lat": 37.98704,
    "lon": -1.13004,
    "population": 460349
  },
  {
    "country": "ES",
    "region_id": "31",
    "region_code": "ES-31",
    "city": "Cartagena",
    "lat": 37.60197,
    "lon": -0.98397,
    "population": 213943
  },
  {
    "country": "ES",
    "region_id": "53",
    "region_code": "ES-53",
    "city": "Las Palmas de Gran Canaria",
    "lat": 28.09973,
    "lon": -15.41343,
    "population": 378517
  },
  {
    "country": "ES",
    "region_id": "53",
    "region_code": "ES-53",
    "city": "Santa Cruz de Tenerife",
    "lat": 28.46824,
    "lon": -16.25462,
    "population": 211436
  },
  {
    "country": "ES",
    "region_id": "60",
    "region_code": "ES-60",
    "city": "Valencia",
    "lat": 39.47391,
    "lon": -0.37966,
    "population": 825948
  },
  {
    "country": "ES",
    "region_id": "60",
    "region_code": "ES-60",
    "city": "Alicante",
    "lat": 38.34517,
    "lon": -0.48149,
    "population": 348901
  },
  {
    "country": "ES",
    "region_id": "54",
    "region_code": "ES-54",
    "city": "Albacete",
    "lat": 38.99424,
    "lon": -1.85643,
    "population": 173050
  },
  {
    "country": "ES",
    "region_id": "54",
    "region_code": "ES-54",
    "city": "Guadalajara",
    "lat": 40.62862,
    "lon": -3.16185,
    "population": 93470
  },
  {
    "country": "ES",
    "region_id": "07",
    "region_code": "ES-07",
    "city": "Palma",
    "lat": 39.56939,
    "lon": 2.65024,
    "population": 409661
  },
  {
    "country": "ES",
    "region_id": "07",
    "region_code": "ES-07",
    "city": "Calvià",
    "lat": 39.5657,
    "lon": 2.50621,
    "population": 51774
  },
  {
    "country": "ES",
    "region_id": "ML",
    "region_code": "ES-ML",
    "city": "Melilla",
    "lat": 35.29369,
    "lon": -2.93833,
    "population": 85985
  },
  {
    "country": "ES",
    "region_id": "59",
    "region_code": "ES-59",
    "city": "Bilbao",
    "lat": 43.26271,
    "lon": -2.92528,
    "population": 347342
  },
  {
    "country": "ES",
    "region_id": "59",
    "region_code": "ES-59",
    "city": "Gasteiz / Vitoria",
    "lat": 42.84998,
    "lon": -2.67268,
    "population": 249176
  },
  {
    "country": "ES",
    "region_id": "52",
    "region_code": "ES-52",
    "city": "Zaragoza",
    "lat": 41.65606,
    "lon": -0.87734,
    "population": 686986
  },
  {
    "country": "ES",
    "region_id": "52",
    "region_code": "ES-52",
    "city": "Delicias",
    "lat": 41.64928,
    "lon": -0.90757,
    "population": 110520
  },
  {
    "country": "ES",
    "region_id": "55",
    "region_code": "ES-55",
    "city": "Valladolid",
    "lat": 41.65518,
    "lon": -4.72372,
    "population": 300618
  },
  {
    "country": "ES",
    "region_id": "55",
    "region_code": "ES-55",
    "city": "Burgos",
    "lat": 42.34106,
    "lon": -3.70184,
    "population": 176418
  },
  {
    "country": "ES",
    "region_id": "58",
    "region_code": "ES-58",
    "city": "Vigo",
    "lat": 42.23282,
    "lon": -8.72264,
    "population": 293642
  },
  {
    "country": "ES",
    "region_id": "58",
    "region_code": "ES-58",
    "city": "A Coruña",
    "lat": 43.37135,
    "lon": -8.396,
    "population": 250438
  },
  {
    "country": "ES",
    "region_id": "29",
    "region_code": "ES-29",
    "city": "Madrid",
    "lat": 40.4165,
    "lon": -3.70256,
    "population": 3255944
  },
  {
    "country": "ES",
    "region_id": "29",
    "region_code": "ES-29",
    "city": "Latina",
    "lat": 40.38897,
    "lon": -3.74569,
    "population": 256644
  },
  {
    "country": "ES",
    "region_id": "56",
    "region_code": "ES-56",
    "city": "Barcelona",
    "lat": 41.38879,
    "lon": 2.15899,
    "population": 1620343
  },
  {
    "country": "ES",
    "region_id": "56",
    "region_code": "ES-56",
    "city": "Eixample",
    "lat": 41.38896,
    "lon": 2.16179,
    "population": 266477
  },
  {
    "country": "ES",
    "region_id": "32",
    "region_code": "ES-32",
    "city": "Pamplona",
    "lat": 42.81687,
    "lon": -1.64323,
    "population": 209672
  },
  {
    "country": "ES",
    "region_id": "32",
    "region_code": "ES-32",
    "city": "Tudela",
    "lat": 42.06166,
    "lon": -1.60452,
    "population": 34717
  },
  {
    "country": "ES",
    "region_id": "39",
    "region_code": "ES-39",
    "city": "Santander",
    "lat": 43.46472,
    "lon": -3.80444,
    "population": 174101
  },
  {
    "country": "ES",
    "region_id": "39",
    "region_code": "ES-39",
    "city": "Torrelavega",
    "lat": 43.34943,
    "lon": -4.04785,
    "population": 55297
  },
  {
    "country": "ES",
    "region_id": "34",
    "region_code": "ES-34",
    "city": "Gijón",
    "lat": 43.53573,
    "lon": -5.66152,
    "population": 271780
  },
  {
    "country": "ES",
    "region_id": "34",
    "region_code": "ES-34",
    "city": "Oviedo",
    "lat": 43.36029,
    "lon": -5.84476,
    "population": 220020
  },
  {
    "country": "ES",
    "region_id": "27",
    "region_code": "ES-27",
    "city": "Logroño",
    "lat": 42.46667,
    "lon": -2.45,
    "population": 152485
  },
  {
    "country": "ES",
    "region_id": "27",
    "region_code": "ES-27",
    "city": "Calahorra",
    "lat": 42.30506,
    "lon": -1.96521,
    "population": 24787
  },
  {
    "country": "ES",
    "region_id": "CE",
    "region_code": "ES-CE",
    "city": "Ceuta",
    "lat": 35.88919,
    "lon": -5.32042,
    "population": 83179
  },
  {
    "country": "DE",
    "region_id": "13",
    "region_code": "DE-13",
    "city": "Dresden",
    "lat": 51.05089,
    "lon": 13.73832,
    "population": 556227
  },
  {
    "country": "DE",
    "region_id": "13",
    "region_code": "DE-13",
    "city": "Leipzig",
    "lat": 51.33962,
    "lon": 12.37129,
    "population": 504971
  },
  {
    "country": "DE",
    "region_id": "08",
    "region_code": "DE-08",
    "city": "Mainz",
    "lat": 49.98419,
    "lon": 8.2791,
    "population": 217123
  },
  {
    "country": "DE",
    "region_id": "08",
    "region_code": "DE-08",
    "city": "Ludwigshafen am Rhein",
    "lat": 49.48121,
    "lon": 8.44641,
    "population": 163196
  },
  {
    "country": "DE",
    "region_id": "07",
    "region_code": "DE-07",
    "city": "Köln",
    "lat": 50.93333,
    "lon": 6.95,
    "population": 963395
  },
  {
    "country": "DE",
    "region_id": "07",
    "region_code": "DE-07",
    "city": "Düsseldorf",
    "lat": 51.22172,
    "lon": 6.77616,
    "population": 620523
  },
  {
    "country": "DE",
    "region_id": "11",
    "region_code": "DE-11",
    "city": "Potsdam",
    "lat": 52.39886,
    "lon": 13.06566,
    "population": 182112
  },
  {
    "country": "DE",
    "region_id": "11",
    "region_code": "DE-11",
    "city": "Cottbus",
    "lat": 51.75769,
    "lon": 14.32888,
    "population": 84754
  },
  {
    "country": "DE",
    "region_id": "02",
    "region_code": "DE-02",
    "city": "Munich",
    "lat": 48.13743,
    "lon": 11.57549,
    "population": 1260391
  },
  {
    "country": "DE",
    "region_id": "02",
    "region_code": "DE-02",
    "city": "Nürnberg",
    "lat": 49.45421,
    "lon": 11.07752,
    "population": 515543
  },
  {
    "country": "DE",
    "region_id": "14",
    "region_code": "DE-14",
    "city": "Halle (Saale)",
    "lat": 51.48158,
    "lon": 11.97947,
    "population": 237865
  },
  {
    "country": "DE",
    "region_id": "14",
    "region_code": "DE-14",
    "city": "Magdeburg",
    "lat": 52.12773,
    "lon": 11.62916,
    "population": 235775
  },
  {
    "country": "DE",
    "region_id": "16",
    "region_code": "DE-16",
    "city": "Berlin",
    "lat": 52.52437,
    "lon": 13.41053,
    "population": 3426354
  },
  {
    "country": "DE",
    "region_id": "16",
    "region_code": "DE-16",
    "city": "Neukölln",
    "lat": 52.47719,
    "lon": 13.43126,
    "population": 164636
  },
  {
    "country": "DE",
    "region_id": "06",
    "region_code": "DE-06",
    "city": "Hannover",
    "lat": 52.37052,
    "lon": 9.73322,
    "population": 515140
  },
  {
    "country": "DE",
    "region_id": "06",
    "region_code": "DE-06",
    "city": "Braunschweig",
    "lat": 52.26594,
    "lon": 10.52673,
    "population": 244715
  },
  {
    "country": "DE",
    "region_id": "05",
    "region_code": "DE-05",
    "city": "Frankfurt am Main",
    "lat": 50.11552,
    "lon": 8.68417,
    "population": 650000
  },
  {
    "country": "DE",
    "region_id": "05",
    "region_code": "DE-05",
    "city": "Wiesbaden",
    "lat": 50.08258,
    "lon": 8.24932,
    "population": 278609
  },
  {
    "country": "DE",
    "region_id": "12",
    "region_code": "DE-12",
    "city": "Rostock",
    "lat": 54.0887,
    "lon": 12.14049,
    "population": 198293
  },
  {
    "country": "DE",
    "region_id": "12",
    "region_code": "DE-12",
    "city": "Schwerin",
    "lat": 53.62937,
    "lon": 11.41316,
    "population": 96641
  },
  {
    "country": "DE",
    "region_id": "04",
    "region_code": "DE-04",
    "city": "Hamburg",
    "lat": 53.55073,
    "lon": 9.99302,
    "population": 1845229
  },
  {
    "country": "DE",
    "region_id": "04",
    "region_code": "DE-04",
    "city": "Wandsbek",
    "lat": 53.58334,
    "lon": 10.08305,
    "population": 411422
  },
  {
    "country": "DE",
    "region_id": "01",
    "region_code": "DE-01",
    "city": "Stuttgart",
    "lat": 48.78232,
    "lon": 9.17702,
    "population": 630305
  },
  {
    "country": "DE",
    "region_id": "01",
    "region_code": "DE-01",
    "city": "Mannheim",
    "lat": 49.4891,
    "lon": 8.46694,
    "population": 307960
  },
  {
    "country": "DE",
    "region_id": "15",
    "region_code": "DE-15",
    "city": "Erfurt",
    "lat": 50.9787,
    "lon": 11.03283,
    "population": 213692
  },
  {
    "country": "DE",
    "region_id": "15",
    "region_code": "DE-15",
    "city": "Jena",
    "lat": 50.92878,
    "lon": 11.5899,
    "population": 104712
  },
  {
    "country": "DE",
    "region_id": "10",
    "region_code": "DE-10",
    "city": "Kiel",
    "lat": 54.32133,
    "lon": 10.13489,
    "population": 246601
  },
  {
    "country": "DE",
    "region_id": "10",
    "region_code": "DE-10",
    "city": "Lübeck",
    "lat": 53.86893,
    "lon": 10.68729,
    "population": 212207
  },
  {
    "country": "DE",
    "region_id": "09",
    "region_code": "DE-09",
    "city": "Saarbrücken",
    "lat": 49.23262,
    "lon": 7.00982,
    "population": 179349
  },
  {
    "country": "DE",
    "region_id": "09",
    "region_code": "DE-09",
    "city": "Neunkirchen",
    "lat": 49.34449,
    "lon": 7.18045,
    "population": 49843
  },
  {
    "country": "DE",
    "region_id": "03",
    "region_code": "DE-03",
    "city": "Bremen",
    "lat": 53.07582,
    "lon": 8.80717,
    "population": 546501
  },
  {
    "country": "DE",
    "region_id": "03",
    "region_code": "DE-03",
    "city": "Bremerhaven",
    "lat": 53.55357,
    "lon": 8.57553,
    "population": 113557
  },
  {
    "country": "IT",
    "region_id": "15",
    "region_code": "IT-15",
    "city": "Palermo",
    "lat": 38.1166,
    "lon": 13.3636,
    "population": 648260
  },
  {
    "country": "IT",
    "region_id": "15",
    "region_code": "IT-15",
    "city": "Catania",
    "lat": 37.49223,
    "lon": 15.07041,
    "population": 311584
  },
  {
    "country": "IT",
    "region_id": "03",
    "region_code": "IT-03",
    "city": "Reggio Calabria",
    "lat": 38.11047,
    "lon": 15.66129,
    "population": 182455
  },
  {
    "country": "IT",
    "region_id": "03",
    "region_code": "IT-03",
    "city": "Catanzaro",
    "lat": 38.88247,
    "lon": 16.60086,
    "population": 78970
  },
  {
    "country": "IT",
    "region_id": "14",
    "region_code": "IT-14",
    "city": "Cagliari",
    "lat": 39.23054,
    "lon": 9.11917,
    "population": 149257
  },
  {
    "country": "IT",
    "region_id": "14",
    "region_code": "IT-14",
    "city": "Sassari",
    "lat": 40.72586,
    "lon": 8.55552,
    "population": 91895
  },
  {
    "country": "IT",
    "region_id": "13",
    "region_code": "IT-13",
    "city": "Bari",
    "lat": 41.12066,
    "lon": 16.86982,
    "population": 316491
  },
  {
    "country": "IT",
    "region_id": "13",
    "region_code": "IT-13",
    "city": "Taranto",
    "lat": 40.46438,
    "lon": 17.24707,
    "population": 198585
  },
  {
    "country": "IT",
    "region_id": "05",
    "region_code": "IT-05",
    "city": "Bologna",
    "lat": 44.49381,
    "lon": 11.33875,
    "population": 394843
  },
  {
    "country": "IT",
    "region_id": "05",
    "region_code": "IT-05",
    "city": "Parma",
    "lat": 44.79935,
    "lon": 10.32618,
    "population": 198292
  },
  {
    "country": "IT",
    "region_id": "04",
    "region_code": "IT-04",
    "city": "Naples",
    "lat": 40.85216,
    "lon": 14.26811,
    "population": 909048
  },
  {
    "country": "IT",
    "region_id": "04",
    "region_code": "IT-04",
    "city": "Salerno",
    "lat": 40.67545,
    "lon": 14.79328,
    "population": 125797
  },
  {
    "country": "IT",
    "region_id": "09",
    "region_code": "IT-09",
    "city": "Milan",
    "lat": 45.46427,
    "lon": 9.18951,
    "population": 1371498
  },
  {
    "country": "IT",
    "region_id": "09",
    "region_code": "IT-09",
    "city": "Brescia",
    "lat": 45.53558,
    "lon": 10.21472,
    "population": 200423
  },
  {
    "country": "IT",
    "region_id": "20",
    "region_code": "IT-20",
    "city": "Verona",
    "lat": 45.43854,
    "lon": 10.9938,
    "population": 258031
  },
  {
    "country": "IT",
    "region_id": "20",
    "region_code": "IT-20",
    "city": "Padova",
    "lat": 45.40797,
    "lon": 11.88586,
    "population": 203725
  },
  {
    "country": "IT",
    "region_id": "07",
    "region_code": "IT-07",
    "city": "Rome",
    "lat": 41.89193,
    "lon": 12.51133,
    "population": 2318895
  },
  {
    "country": "IT",
    "region_id": "07",
    "region_code": "IT-07",
    "city": "Acilia-Castel Fusano-Ostia Antica",
    "lat": 41.76337,
    "lon": 12.33078,
    "population": 129362
  },
  {
    "country": "IT",
    "region_id": "16",
    "region_code": "IT-16",
    "city": "Florence",
    "lat": 43.77925,
    "lon": 11.24626,
    "population": 367150
  },
  {
    "country": "IT",
    "region_id": "16",
    "region_code": "IT-16",
    "city": "Prato",
    "lat": 43.8805,
    "lon": 11.09699,
    "population": 195089
  },
  {
    "country": "IT",
    "region_id": "12",
    "region_code": "IT-12",
    "city": "Turin",
    "lat": 45.07049,
    "lon": 7.68682,
    "population": 847287
  },
  {
    "country": "IT",
    "region_id": "12",
    "region_code": "IT-12",
    "city": "Novara",
    "lat": 45.44694,
    "lon": 8.62118,
    "population": 101916
  },
  {
    "country": "IT",
    "region_id": "08",
    "region_code": "IT-08",
    "city": "Genoa",
    "lat": 44.40478,
    "lon": 8.94439,
    "population": 580097
  },
  {
    "country": "IT",
    "region_id": "08",
    "region_code": "IT-08",
    "city": "La Spezia",
    "lat": 44.103,
    "lon": 9.82375,
    "population": 93288
  },
  {
    "country": "IT",
    "region_id": "01",
    "region_code": "IT-01",
    "city": "Pescara",
    "lat": 42.4584,
    "lon": 14.20283,
    "population": 119554
  },
  {
    "country": "IT",
    "region_id": "01",
    "region_code": "IT-01",
    "city": "Teramo",
    "lat": 42.66123,
    "lon": 13.69901,
    "population": 54338
  },
  {
    "country": "IT",
    "region_id": "06",
    "region_code": "IT-06",
    "city": "Trieste",
    "lat": 45.64953,
    "lon": 13.77678,
    "population": 204338
  },
  {
    "country": "IT",
    "region_id": "06",
    "region_code": "IT-06",
    "city": "Udine",
    "lat": 46.0693,
    "lon": 13.23715,
    "population": 100170
  },
  {
    "country": "IT",
    "region_id": "17",
    "region_code": "IT-17",
    "city": "Trento",
    "lat": 46.06787,
    "lon": 11.12108,
    "population": 120709
  },
  {
    "country": "IT",
    "region_id": "17",
    "region_code": "IT-17",
    "city": "Bolzano",
    "lat": 46.49067,
    "lon": 11.33982,
    "population": 107436
  },
  {
    "country": "IT",
    "region_id": "10",
    "region_code": "IT-10",
    "city": "Ancona",
    "lat": 43.60717,
    "lon": 13.5103,
    "population": 89994
  },
  {
    "country": "IT",
    "region_id": "10",
    "region_code": "IT-10",
    "city": "Pesaro",
    "lat": 43.90921,
    "lon": 12.9164,
    "population": 77241
  },
  {
    "country": "IT",
    "region_id": "18",
    "region_code": "IT-18",
    "city": "Perugia",
    "lat": 43.1122,
    "lon": 12.38878,
    "population": 120137
  },
  {
    "country": "IT",
    "region_id": "18",
    "region_code": "IT-18",
    "city": "Terni",
    "lat": 42.56335,
    "lon": 12.64329,
    "population": 111189
  },
  {
    "country": "IT",
    "region_id": "11",
    "region_code": "IT-11",
    "city": "Campobasso",
    "lat": 41.55947,
    "lon": 14.66737,
    "population": 49230
  },
  {
    "country": "IT",
    "region_id": "11",
    "region_code": "IT-11",
    "city": "Termoli",
    "lat": 41.99994,
    "lon": 14.99389,
    "population": 31044
  },
  {
    "country": "IT",
    "region_id": "02",
    "region_code": "IT-02",
    "city": "Matera",
    "lat": 40.66599,
    "lon": 16.60463,
    "population": 60403
  },
  {
    "country": "IT",
    "region_id": "02",
    "region_code": "IT-02",
    "city": "Potenza",
    "lat": 40.64175,
    "lon": 15.80794,
    "population": 56433
  },
  {
    "country": "IT",
    "region_id": "19",
    "region_code": "IT-19",
    "city": "Aosta",
    "lat": 45.73764,
    "lon": 7.31722,
    "population": 35261
  },
  {
    "country": "PT",
    "region_id": "14",
    "region_code": "PT-14",
    "city": "Lisbon",
    "lat": 38.72509,
    "lon": -9.1498,
    "population": 517802
  },
  {
    "country": "PT",
    "region_id": "14",
    "region_code": "PT-14",
    "city": "Amadora",
    "lat": 38.75382,
    "lon": -9.23083,
    "population": 178858
  },
  {
    "country": "PT",
    "region_id": "18",
    "region_code": "PT-18",
    "city": "Monsanto",
    "lat": 39.46203,
    "lon": -8.7118,
    "population": 50000
  },
  {
    "country": "PT",
    "region_id": "18",
    "region_code": "PT-18",
    "city": "Santarém",
    "lat": 39.23333,
    "lon": -8.68333,
    "population": 29385
  },
  {
    "country": "PT",
    "region_id": "09",
    "region_code": "PT-09",
    "city": "Faro",
    "lat": 37.01869,
    "lon": -7.92716,
    "population": 41355
  },
  {
    "country": "PT",
    "region_id": "09",
    "region_code": "PT-09",
    "city": "Portimão",
    "lat": 37.13856,
    "lon": -8.53775,
    "population": 38487
  },
  {
    "country": "PT",
    "region_id": "19",
    "region_code": "PT-19",
    "city": "Setúbal",
    "lat": 38.5244,
    "lon": -8.8882,
    "population": 117110
  },
  {
    "country": "PT",
    "region_id": "19",
    "region_code": "PT-19",
    "city": "Amora",
    "lat": 38.62961,
    "lon": -9.11557,
    "population": 52577
  },
  {
    "country": "PT",
    "region_id": "10",
    "region_code": "PT-10",
    "city": "Funchal",
    "lat": 32.66568,
    "lon": -16.92547,
    "population": 100847
  },
  {
    "country": "PT",
    "region_id": "10",
    "region_code": "PT-10",
    "city": "Câmara de Lobos",
    "lat": 32.65043,
    "lon": -16.97718,
    "population": 32209
  },
  {
    "country": "PT",
    "region_id": "16",
    "region_code": "PT-16",
    "city": "Portalegre",
    "lat": 39.29379,
    "lon": -7.43122,
    "population": 15581
  },
  {
    "country": "PT",
    "region_id": "13",
    "region_code": "PT-13",
    "city": "Leiria",
    "lat": 39.74362,
    "lon": -8.80705,
    "population": 45112
  },
  {
    "country": "PT",
    "region_id": "13",
    "region_code": "PT-13",
    "city": "Marinha Grande",
    "lat": 39.74769,
    "lon": -8.93228,
    "population": 28916
  },
  {
    "country": "PT",
    "region_id": "08",
    "region_code": "PT-08",
    "city": "Évora",
    "lat": 38.56667,
    "lon": -7.9,
    "population": 55620
  },
  {
    "country": "PT",
    "region_id": "06",
    "region_code": "PT-06",
    "city": "Castelo Branco",
    "lat": 39.82219,
    "lon": -7.49087,
    "population": 33479
  },
  {
    "country": "PT",
    "region_id": "06",
    "region_code": "PT-06",
    "city": "Covilhã",
    "lat": 40.28106,
    "lon": -7.50504,
    "population": 17610
  },
  {
    "country": "PT",
    "region_id": "03",
    "region_code": "PT-03",
    "city": "Beja",
    "lat": 38.01506,
    "lon": -7.86323,
    "population": 34760
  },
  {
    "country": "PT",
    "region_id": "22",
    "region_code": "PT-22",
    "city": "Viseu",
    "lat": 40.66101,
    "lon": -7.90971,
    "population": 26364
  },
  {
    "country": "PT",
    "region_id": "21",
    "region_code": "PT-21",
    "city": "Chaves",
    "lat": 41.74019,
    "lon": -7.46879,
    "population": 17535
  },
  {
    "country": "PT",
    "region_id": "21",
    "region_code": "PT-21",
    "city": "Vila Real",
    "lat": 41.30062,
    "lon": -7.74413,
    "population": 17001
  },
  {
    "country": "PT",
    "region_id": "17",
    "region_code": "PT-17",
    "city": "Porto",
    "lat": 41.14961,
    "lon": -8.61099,
    "population": 249633
  },
  {
    "country": "PT",
    "region_id": "17",
    "region_code": "PT-17",
    "city": "Vila Nova de Gaia",
    "lat": 41.12401,
    "lon": -8.61241,
    "population": 70811
  },
  {
    "country": "PT",
    "region_id": "02",
    "region_code": "PT-02",
    "city": "Aveiro",
    "lat": 40.64427,
    "lon": -8.64554,
    "population": 54162
  },
  {
    "country": "PT",
    "region_id": "02",
    "region_code": "PT-02",
    "city": "Espinho",
    "lat": 41.00763,
    "lon": -8.64125,
    "population": 32786
  },
  {
    "country": "PT",
    "region_id": "20",
    "region_code": "PT-20",
    "city": "Ponte de Lima",
    "lat": 41.76719,
    "lon": -8.58393,
    "population": 44667
  },
  {
    "country": "PT",
    "region_id": "20",
    "region_code": "PT-20",
    "city": "Viana do Castelo",
    "lat": 41.69323,
    "lon": -8.83287,
    "population": 36148
  },
  {
    "country": "PT",
    "region_id": "11",
    "region_code": "PT-11",
    "city": "Guarda",
    "lat": 40.53733,
    "lon": -7.26575,
    "population": 32111
  },
  {
    "country": "PT",
    "region_id": "11",
    "region_code": "PT-11",
    "city": "Sequeira",
    "lat": 40.55364,
    "lon": -7.22594,
    "population": 28502
  },
  {
    "country": "PT",
    "region_id": "07",
    "region_code": "PT-07",
    "city": "Coimbra",
    "lat": 40.20564,
    "lon": -8.41955,
    "population": 106582
  },
  {
    "country": "PT",
    "region_id": "07",
    "region_code": "PT-07",
    "city": "Figueira da Foz",
    "lat": 40.15085,
    "lon": -8.86179,
    "population": 46600
  },
  {
    "country": "PT",
    "region_id": "04",
    "region_code": "PT-04",
    "city": "Braga",
    "lat": 41.55032,
    "lon": -8.42005,
    "population": 121394
  },
  {
    "country": "PT",
    "region_id": "04",
    "region_code": "PT-04",
    "city": "Guimarães",
    "lat": 41.44443,
    "lon": -8.29619,
    "population": 40604
  },
  {
    "country": "PT",
    "region_id": "05",
    "region_code": "PT-05",
    "city": "Bragança",
    "lat": 41.80582,
    "lon": -6.75719,
    "population": 34375
  },
  {
    "country": "PT",
    "region_id": "23",
    "region_code": "PT-23",
    "city": "Ponta Delgada",
    "lat": 37.73952,
    "lon": -25.66874,
    "population": 20056
  }
]